month,first_aid_cases,transported_cases,total_days_lost,avg_days_lost
2025-08,39,9,60,1.538461538461539
2025-09,43,9,81,1.883720930232558
2025-10,48,9,63,1.3125
